model,hidden_dim,epochs,epoch,training_loss,validation_loss
RNN,3,1,1,1.0443494319915771,1.0443494319915771
RNN,3,1,2,0.9823038578033447,0.9823038578033447
RNN,3,1,3,0.9912585020065308,0.9912585020065308
