model,hidden_dim,epochs,epoch,training_accuracy,validation_accuracy
RNN,3,1,1,0.426125,0.42375
RNN,3,1,2,0.454375,0.445
RNN,3,1,3,0.46475,0.4175
RNN,60,5,1,0.416,0.45125
RNN,60,5,2,0.42275,0.43125
RNN,64,5,1,0.41,0.415
RNN,64,5,2,0.418875,0.4025
